"","ID","Name","DiveNumber","Type","DescentDuration","AscentDuration","DescentRate","AscentRate","Duration","SurfaceInterval","TimeUntilEcholocation","EcholocationDuration","FlukeRate","ODBA","Depth","HeadingVariability"
"1",1," zc03_260a ",1,0,4.436667,2.796667,0.74553,0.986947,0.133444,1.723333,0.117417,0,0.21121,1.348509,184.205929,0.176373
"3",1," zc03_260a ",3,0,6.266667,5.123333,0.798276,0.893161,0.2955,2.353333,1.42661,0,0.132875,0.775626,307.156697,0.137628
"4",1," zc03_260a ",4,0,9.716667,4.063333,0.569765,1.256438,0.309389,6.257245,1.42661,0,0.158428,1.007232,342.737135,0.041777
"6",2," zc03_263a ",2,0,6.216667,8.143333,1.093613,0.765648,0.303333,2.073333,2.1125,0,0.156519,0.43219,415.796331,0.044174
"7",2," zc03_263a ",3,0,3.623333,6.486667,1.124488,0.549786,0.242222,2.25,1.835722,0,0.107162,0.387145,239.877339,0.077416
"8",2," zc03_263a ",4,0,4.756667,8.066667,1.287989,0.720176,0.294944,1.983333,1.503278,0,0.135403,0.389332,387.385427,0.063503
"9",2," zc03_263a ",5,0,4.906667,5.71,0.840314,0.655373,0.285056,1.793333,1.185167,0,0.090317,0.332369,249.561563,0.067509
"10",2," zc03_263a ",6,0,5.306667,6.916667,0.719513,0.503804,0.274167,1.673333,0.881111,0,0.046373,0.317216,232.398653,0.060466
"11",2," zc03_263a ",7,0,4.21,7.02,0.845301,0.459423,0.273167,1.656667,0.580056,0,0.042345,0.34449,215.07842,0.076124
"12",2," zc03_263a ",8,0,4.896667,5.183333,0.667612,0.567318,0.262167,12.05,0.290278,0,0.039824,0.328912,196.155114,0.051687
"14",2," zc03_263a ",10,0,4.4,6.523333,0.826827,0.499394,0.227278,38.42,0.724722,0,0.074183,0.357629,217.254773,0.073648
"20",2," zc03_263a ",16,0,4.27,6.626667,0.86168,0.508189,0.235611,86.993333,1.525667,0,0.077992,0.307922,224.585531,0.035221
"22",2," zc03_263a ",18,0,3.08,9.37,0.980472,0.334333,0.2555,1.743333,1.42661,0,0.161218,0.445619,208.739817,0.082799
"23",2," zc03_263a ",19,0,4.863333,5.73,0.503172,0.424974,0.203556,6.257245,1.42661,0,0.129153,0.400765,162.33653,0.090853
"25",3," zc04_160a ",2,0,7.726667,8.123333,0.808489,0.727352,0.353333,2.26,0.923194,0,0.12836,0.446142,394.143082,0.035614
"26",3," zc04_160a ",3,0,7.92,4.75,0.561859,0.876887,0.330222,1.773333,0.555306,0,0.086614,0.329688,279.475649,0.034835
"27",3," zc04_160a ",4,0,8.533333,4.876667,0.504571,0.814833,0.312333,6.753333,0.213417,0,0.101787,0.342431,266.635191,0.023255
"29",3," zc04_160a ",6,0,7.006667,6.67,0.974034,0.93623,0.3675,2.436667,1.42661,0,0.170553,0.530559,418.528151,0.033564
"30",3," zc04_160a ",7,0,10.403333,4.966667,0.557299,1.112902,0.346944,1.87,1.42661,0,0.117415,0.41868,370.493894,0.033118
"31",3," zc04_160a ",8,0,8.79,5.906667,0.535794,0.758571,0.323944,6.257245,1.42661,0,0.107727,0.396117,300.678332,0.013771
"32",4," zc04_161a ",1,0,6.663333,6.506667,0.575698,0.508776,0.307722,2.166667,0.587056,0,0.1021,0.463357,220.539463,0.021453
"33",4," zc04_161a ",2,0,4.823333,5.723333,0.612829,0.461892,0.290167,1.716667,0.260778,0,0.07181,0.349104,176.074267,0.016108
"34",4," zc04_161a ",3,0,2.316667,2.286667,0.597216,0.614212,0.088,3.903333,0.144167,0,0.138235,0.719003,93.695638,0.058408
"36",4," zc04_161a ",5,0,7.736667,6.216667,0.800821,0.935897,0.302611,2.66,1.116889,0,0.272419,1.865044,387.969021,0.049715
"37",4," zc04_161a ",6,0,4.433333,5.01,0.890221,0.703431,0.283889,2.18,0.788667,0,0.134569,1.078347,235.001393,0.054285
"38",4," zc04_161a ",7,0,4.973333,4.443333,0.551246,0.528634,0.272333,1.676667,0.48,0,0.14193,1.047637,156.684896,0.00889
"39",4," zc04_161a ",8,0,6.663333,4.936667,0.423527,0.501578,0.262222,5.926667,0.189833,0,0.116041,0.938505,165.198441,0.075807
"41",4," zc04_161a ",10,0,7.95,3.34,0.549285,1.182882,0.242389,2.466667,0.533139,0,0.210404,1.60094,263.579044,0.067758
"42",4," zc04_161a ",11,0,6.996667,3.403333,0.59591,1.127259,0.287278,7.923333,0.20475,0,0.159538,1.346117,255.745701,0.016712
"44",4," zc04_161a ",13,0,8.206667,3.273333,0.44791,1.033091,0.273444,4.763333,0.937667,0,0.239261,1.89805,225.430886,0.021154
"45",4," zc04_161a ",14,0,8.24,3.65,0.483449,1.009958,0.273333,2.876667,0.584944,0,0.191099,1.593758,247.696032,0.033555
"46",4," zc04_161a ",15,0,4.943333,5.713333,0.643111,0.509989,0.254722,10.32,0.282278,0,0.188366,1.518109,194.400151,0.133577
"48",4," zc04_161a ",17,0,9.323333,4.77,0.430493,0.865961,0.287278,2.773333,1.42661,0,0.214588,1.714606,276.954629,0.054842
"49",4," zc04_161a ",18,0,6.496667,11.04,0.580944,0.336554,0.320778,6.257245,1.42661,0,0.172978,1.556389,247.890172,0.105517
"51",5," zc04_161b ",2,0,7.74,6.32,0.865578,1.009524,0.304778,2.216667,1.115472,0,0.238333,1.303084,425.38612,0.03862
"52",5," zc04_161b ",3,0,5.263333,5.16,0.855887,0.776651,0.289556,2.083333,0.788972,0,0.126241,0.803614,267.199929,0.047591
"53",5," zc04_161b ",4,0,6.503333,3.733333,0.476545,0.721422,0.275833,1.483333,0.478417,0,0.115682,0.653984,179.452803,0.006736
"54",5," zc04_161b ",5,0,4.413333,4.08,0.718739,0.655289,0.264167,5.87,0.189528,0,0.068219,0.613448,178.236231,0.053184
"56",5," zc04_161b ",7,0,7.003333,3.423333,0.667001,1.254958,0.245111,2.196667,0.539889,0,0.186172,1.174816,286.527377,0.052536
"57",5," zc04_161b ",8,0,7.936667,3.576667,0.603663,1.244888,0.291278,7.67,0.212,0,0.130156,0.87517,296.8822,0.013567
"59",5," zc04_161b ",10,0,7.423333,2.963333,0.528522,1.255133,0.273556,4.446667,0.865056,0,0.220769,1.487172,249.01072,0.009457
"60",5," zc04_161b ",11,0,8.1,3.96,0.559069,1.058105,0.279556,2.743333,0.511389,0,0.169169,1.146368,281.022954,0.014488
"61",5," zc04_161b ",12,0,5.35,3.596667,0.682882,0.857533,0.255111,9.89,0.210556,0,0.185331,1.27789,207.363719,0.09073
"63",5," zc04_161b ",14,0,9.8,3.853333,0.492933,1.267179,0.292333,2.606667,1.139972,0,0.193292,1.299296,326.464496,0.035377
"64",5," zc04_161b ",15,0,6.216667,11.823333,0.616156,0.328051,0.336722,1.28,0.759806,0,0.15477,1.258701,260.582745,0.089016
"65",5," zc04_161b ",16,0,8.916667,3.746667,0.251895,0.642056,0.283389,2.9,0.455083,0,0.211547,1.638488,160.439975,0.047001
"66",5," zc04_161b ",17,0,3.41,2.04,0.621442,0.872466,0.103889,13.1,0.302861,0,0.241458,1.626482,118.973935,0.045873
"68",5," zc04_161b ",19,0,3.89,9.476667,0.664041,0.24587,0.278722,2.39,0.452917,0,0.073218,0.752767,155.409824,0.05741
"69",5," zc04_161b ",20,0,5.133333,7.4,0.378262,0.234106,0.268667,5.69,0.144417,0,0.047843,0.566999,115.404542,0.014247
"71",5," zc04_161b ",22,0,5.663333,4.89,0.566188,0.569203,0.252722,8.463333,0.230028,0,0.081782,0.749117,187.833218,0.020962
"73",5," zc04_161b ",24,0,4.61,4.936667,0.665561,0.527756,0.264056,1.98,0.566333,0,0.061295,0.685597,175.751122,0.009478
"74",5," zc04_161b ",25,0,5.036667,2.976667,0.529336,0.736917,0.219278,2.016667,0.314056,0,0.113119,0.828936,148.233992,0.043558
"75",5," zc04_161b ",26,0,2.663333,1.8,0.16488,0.855901,0.116,4.92,0.164444,0,0.246383,1.831996,104.998641,0.095573
"77",5," zc04_161b ",28,0,5.72,9.026667,0.575193,0.36037,0.294667,1.63,1.42661,0,0.118163,1.030046,216.765139,0.101029
"78",5," zc04_161b ",29,0,11.836667,6.36,0.26457,0.569971,0.353222,1.046667,1.42661,0,0.174626,1.262476,241.658627,0.13983
"79",5," zc04_161b ",30,0,5.253333,9.406667,0.719111,0.349109,0.329944,2.02,1.42661,0,0.095819,0.96047,219.021978,0.040542
"80",5," zc04_161b ",31,0,9.81,5.776667,0.358135,0.601973,0.328278,1.306667,1.42661,0,0.08295,0.732896,231.795171,0.04457
"81",5," zc04_161b ",32,0,7.86,3.69,0.355924,0.728733,0.2385,6.257245,1.42661,0,0.122704,1.116338,179.384851,0.13942
"83",6," zc04_175a ",2,0,4.61,3.533333,0.776191,0.885251,0.190278,2.836667,1.545389,0,0.14107,0.49507,210.605933,0.046862
"84",6," zc04_175a ",3,0,4.133333,6.033333,0.70804,0.378925,0.2475,70.4,1.250611,0,0.07735,0.357579,154.62044,0.019762
"86",6," zc04_175a ",5,0,5.143333,6.52,0.673497,0.466667,0.283611,41.703333,0.776528,0,0.104386,0.443723,204.448732,0.102118
"88",7," zc04_179a ",1,0,2.58,2.296667,1.670922,1.571021,0.137278,3.586667,0.14425,0,0.169939,0.581863,240.979851,0.104498
"90",7," zc04_179a ",3,0,8.796667,5.353333,0.590462,0.920216,0.288444,78.62,1.336667,0,0.134101,0.343851,328.599695,0.00848
"92",8," zc05_167a ",1,0,1.406667,2.86,1.412788,0.590189,0.126667,1.833333,0.552528,0,0.047492,0.333803,112.565613,0.025972
"93",8," zc05_167a ",2,0,12.91,4.493333,0.326197,0.889432,0.357944,3.666667,0.164028,0,0.059264,0.212586,266.472753,0.021537
"95",8," zc05_167a ",4,0,5.366667,5.303333,0.811233,0.749302,0.277056,2.056667,2.005778,0,0.128028,0.403448,265.045785,0.020827
"96",8," zc05_167a ",5,0,7.743333,4.643333,0.477973,0.741086,0.315944,1.91,1.655556,0,0.049586,0.288399,229.664395,0.00531
"97",8," zc05_167a ",6,0,9.5,3.903333,0.384075,0.876767,0.343389,1.533333,1.280333,0,0.048638,0.254575,228.331064,0.007076
"98",8," zc05_167a ",7,0,8.68,4.546667,0.385945,0.684633,0.362889,1.436667,0.891889,0,0.045854,0.267518,207.601278,0.017944
"99",8," zc05_167a ",8,0,9.713333,9.516667,0.325332,0.309404,0.401,1.27,0.466944,0,0.033946,0.287891,196.351272,0.0334
"100",8," zc05_167a ",9,0,8.353333,6.576667,0.365213,0.42728,0.306389,2.996667,0.139389,0,0.03319,0.238259,187.528572,0.046349
"102",8," zc05_167a ",11,0,4.863333,5.39,0.754216,0.614999,0.263833,2.056667,0.5495,0,0.052383,0.30074,221.026276,0.034712
"103",8," zc05_167a ",12,0,3.756667,6.326667,0.999357,0.467349,0.250667,10.51,0.264556,0,0.040332,0.327599,197.147675,0.034721
"105",8," zc05_167a ",14,0,4.9,5.246667,0.533036,0.441362,0.247444,2.693333,1.42661,0,0.025286,0.713782,154.537663,0.044962
"106",8," zc05_167a ",15,0,8.02,3.73,0.245653,0.499419,0.233556,6.257245,1.42661,0,0.003366,0.536477,125.251152,0.068407
"107",9," zc05_170a ",1,0,3.05,4.403333,0.907831,0.528181,0.277944,2.306667,0.267028,0,0.229253,1.300647,155.11763,0.010783
"108",9," zc05_170a ",2,0,1.183333,2.1,0.289867,0.419046,0.065222,3.76,0.163361,0,0.23051,1.327698,58.749671,0.037444
"110",9," zc05_170a ",4,0,5.386667,5.38,0.815129,0.727609,0.286,3.15,1.74025,0,0.175767,1.118334,262.456073,0.002592
"111",9," zc05_170a ",5,0,7,4.753333,0.487703,0.670617,0.311278,2.236667,1.376472,0,0.112211,0.752511,212.516883,0.003338
"112",9," zc05_170a ",6,0,8.383333,3.816667,0.414313,0.846305,0.302444,56.836667,1.03675,0,0.106434,0.71094,217.394537,0.003488
"114",9," zc05_170a ",8,0,7.483333,5.52,0.491817,0.609503,0.294556,2.91,0.5575,0,0.156284,1.023265,224.558282,0.004717
"115",9," zc05_170a ",9,0,5.99,6.656667,0.520909,0.428084,0.294389,8.063333,0.214611,0,0.13318,0.929989,190.012728,0.072788
"117",9," zc05_170a ",11,0,3.963333,6.703333,0.675656,0.344058,0.2385,10.12,0.264472,0,0.080237,0.682416,153.966325,0.085822
"119",9," zc05_170a ",13,0,1.946667,2.973333,0.68715,0.375657,0.105778,4.503333,0.168222,0,0.060673,0.693899,74.637394,0.073849
"121",9," zc05_170a ",15,0,2.073333,3.433333,1.83239,0.929365,0.110778,1.48,0.1155,0,0.239468,2.079118,214.273796,0.318029
"123",10," zc06_204a ",1,0,6.39,4.78,0.67262,0.819098,0.279222,2.496667,0.563944,0,0.084802,0.380188,261.064671,0.04774
"124",10," zc06_204a ",2,0,7.79,3.913333,0.464095,0.845647,0.287722,7.983333,0.234611,0,0.067038,0.373374,220.658162,0.015125
"126",10," zc06_204a ",4,0,4.356667,5.743333,1.035517,0.687192,0.236833,1.556667,3.245889,0,0.182027,0.7369,265.056952,0.038279
"127",10," zc06_204a ",5,0,4.583333,4.24,0.688237,0.649685,0.221833,6.257245,2.998111,0,0.162487,0.601737,185.812839,0.006091
"128",11," zc06_205a ",1,0,2.456667,4.286667,2.266471,1.029013,0.262778,1.58,0.819333,0,0.089019,0.379072,294.030262,0.040502
"129",11," zc06_205a ",2,0,7.306667,3.126667,0.451697,0.995089,0.258833,1.556667,0.534167,0,0.068706,0.345799,207.542924,0.026109
"130",11," zc06_205a ",3,0,7.916667,2.386667,0.399267,1.227072,0.276333,1.573333,0.231889,0,0.061728,0.310918,195.24712,0.01954
"131",11," zc06_205a ",4,0,2.35,1.756667,1.226543,1.214822,0.090667,2.8,0.115,0,0.29149,0.856911,142.422841,0.014637
"133",11," zc06_205a ",6,0,6.19,4.836667,0.723598,0.86208,0.248722,1.62,1.368944,0,0.110139,0.403422,278.247161,0.039792
"134",11," zc06_205a ",7,0,7.046667,3.083333,0.583571,1.208428,0.256333,1.573333,1.085611,0,0.089559,0.335663,248.596609,0.017928
"135",11," zc06_205a ",8,0,6.686667,3.5,0.560115,0.977181,0.261833,1.426667,0.797556,0,0.069269,0.294571,228.106084,0.01381
"136",11," zc06_205a ",9,0,7.3,3.566667,0.523434,1.007941,0.257111,1.336667,0.516667,0,0.11032,0.364423,239.636505,0.018627
"137",11," zc06_205a ",10,0,4.616667,3.28,0.793052,0.919618,0.236556,1.77,0.257833,0,0.099978,0.363455,201.089113,0.026379
"138",11," zc06_205a ",11,0,4.733333,1.043333,0.345526,1.423825,0.112556,2.406667,0.115778,0,0.225561,0.633729,99.071566,0.065357
"140",11," zc06_205a ",13,0,4.006667,5.523333,1.687642,1.081845,0.269389,2.06,2.351278,0,0.16053,0.608833,398.490884,0.100269
"141",11," zc06_205a ",14,0,6.27,6.026667,0.687423,0.62322,0.262556,1.726667,2.054389,0,0.117092,0.530722,250.479645,0.079605
"142",11," zc06_205a ",15,0,4.456667,7.2,0.98948,0.580442,0.242667,1.48,1.782944,0,0.107291,0.468408,278.637547,0.106599
"143",11," zc06_205a ",16,0,5.42,5.316667,1.053783,1.004817,0.253056,0.956667,1.505222,0,0.151303,0.634002,356.261974,0.129729
"144",11," zc06_205a ",17,0,10.846667,3.876667,0.487161,1.69587,0.300389,1.943333,1.188889,0,0.189241,0.873204,438.603702,0.124297
"145",11," zc06_205a ",18,0,8.77,6.856667,0.857281,1.054944,0.323611,1.786667,0.832889,0,0.17105,0.673055,482.418471,0.139433
"146",11," zc06_205a ",19,0,4.86,5.216667,1.227022,0.980574,0.272333,1.636667,0.530778,0,0.146673,0.530125,341.162662,0.038697
"147",11," zc06_205a ",20,0,7.393333,4.886667,0.499196,0.914211,0.273056,1.453333,0.230444,0,0.130091,0.54565,298.074903,0.111925
"148",11," zc06_205a ",21,0,5.513333,3.343333,0.31376,0.852307,0.159778,1.953333,0.046444,0,0.114811,0.644395,190.097423,0.167818
"150",11," zc06_205a ",23,0,2.106667,5.983333,1.437713,0.411503,0.193556,1.58,0.352583,0,0.140878,0.503933,164.020841,0.084703
"151",11," zc06_205a ",24,0,5.016667,3.643333,0.52968,0.651706,0.215778,2.473333,0.110472,0,0.075962,0.377392,157.959779,0.062751
"156",11," zc06_205a ",29,0,4.506667,5.416667,0.573458,0.384091,0.248111,14.89,1.42661,0,0.056821,0.452042,138.682148,0.134089
"158",11," zc06_205a ",31,0,7.033333,6.96,0.44457,0.410926,0.296056,2.036667,1.42661,0,0.067641,0.350631,190.668157,0.026039
"159",11," zc06_205a ",32,0,3.496667,7.96,0.730725,0.264323,0.266111,1.763333,1.42661,0,0.040675,0.3346,140.222111,0.095265
"160",11," zc06_205a ",33,0,3.033333,3.21,0.754677,0.544844,0.190889,6.257245,1.42661,0,0.1193,0.814251,116.486471,0.157711
"161",12," zc08_164a ",1,0,7.86,11.513333,0.638255,0.3965,0.432333,2.14,1.080806,0,0.088033,0.393462,306.609295,0.105523
"162",12," zc08_164a ",2,0,9.873333,9.62,0.431534,0.412203,0.458111,1.83,0.587028,0,0.069162,0.359509,264.524829,0.095015
"163",12," zc08_164a ",3,0,9.866667,10.506667,0.477952,0.504566,0.439333,2.983333,0.117194,0,0.123742,0.488278,353.310081,0.14703
"165",12," zc08_164a ",5,0,12.653333,9.376667,0.454496,0.586371,0.462944,2.626667,0.659667,0,0.097841,0.469514,368.629849,0.069424
"166",12," zc08_164a ",6,0,7.79,9.176667,0.51294,0.400818,0.390056,10.033333,0.225833,0,0.056869,0.338766,247.514103,0.081888
"168",12," zc08_164a ",8,0,4.74,8.336667,0.838384,0.43884,0.336611,2.213333,0.584389,0,0.1231,0.430886,243.968209,0.105033
"169",12," zc08_164a ",9,0,5.783333,7.09,0.626645,0.451218,0.296667,11.43,0.250833,0,0.070254,0.387684,213.881175,0.071518
"171",12," zc08_164a ",11,0,8.296667,10.333333,0.783674,0.597701,0.468389,2.356667,2.210833,0,0.185843,0.530482,411.606449,0.091599
"172",12," zc08_164a ",12,0,6.113333,10.433333,0.772436,0.415407,0.350333,2.076667,1.821222,0,0.089505,0.396244,288.788689,0.097943
"173",12," zc08_164a ",13,0,9.57,6.46,0.490878,0.689457,0.395111,2.37,1.3915,0,0.082785,0.372869,296.875472,0.042392
"174",12," zc08_164a ",14,0,5.986667,11.496667,0.629431,0.298644,0.360056,1.703333,0.991944,0,0.061074,0.372812,229.455278,0.082004
"175",12," zc08_164a ",15,0,7.11,7.9,0.537987,0.431571,0.332056,1.86,0.6315,0,0.090793,0.379999,227.556417,0.081767
"176",12," zc08_164a ",16,0,4.983333,7.83,0.68877,0.407241,0.313111,2.12,0.287389,0,0.111842,0.437366,213.034277,0.118583
"177",12," zc08_164a ",17,0,5.743333,2.47,0.242637,0.580315,0.167944,2.62,0.084111,0,0.092659,0.512386,95.48421,0.057725
"180",12," zc08_164a ",20,0,7.493333,13.146667,0.873694,0.440271,0.585167,1.543333,1.42661,0,0.122657,0.885537,387.481969,0.093726
"181",12," zc08_164a ",21,0,9.296667,9.833333,0.602558,0.531866,0.526444,1.953333,1.42661,0,0.102789,0.830539,348.80578,0.108622
"182",12," zc08_164a ",22,0,8.33,7.293333,0.527154,0.560673,0.4635,2.386667,1.42661,0,0.105812,0.886364,272.777793,0.102266
"183",12," zc08_164a ",23,0,7.063333,8.186667,0.540318,0.425148,0.349556,2.306667,1.42661,0,0.14839,1.045841,232.044078,0.105775
"186",13," zc12_169a ",2,0,5.393333,5.776667,0.884666,0.729845,0.251389,2.153333,4.432417,0,0.174269,0.454431,281.034463,0.09249
"187",13," zc12_169a ",3,0,5.68,5.206667,0.593698,0.592534,0.240556,1.92,4.155972,0,0.133092,0.341846,205.683271,0.052857
"188",13," zc12_169a ",4,0,4.88,5.213333,0.607765,0.493756,0.2475,1.85,3.876472,0,0.10615,0.343176,171.669642,0.065454
"189",13," zc12_169a ",5,0,6.15,4.46,0.467791,0.586968,0.219778,213.236667,3.625861,0,0.098792,0.287855,174.721286,0.037342
"192",13," zc12_169a ",8,0,6.593333,4.293333,0.58205,0.829022,0.235556,5.46,0.159139,0,0.129243,0.353715,237.183941,0.055868
"194",13," zc12_169a ",10,0,6.503333,7.59,0.660708,0.52588,0.305667,2.036667,1.331167,0,0.150032,0.391671,268.251937,0.069882
"195",13," zc12_169a ",11,0,5.123333,5.84,0.67739,0.521479,0.258278,1.473333,1.038944,0,0.125875,0.336508,205.319028,0.042703
"196",13," zc12_169a ",12,0,5.5,5.753333,0.605347,0.511185,0.259,2.256667,0.755389,0,0.14806,0.368359,198.29322,0.046795
"197",13," zc12_169a ",13,0,8.133333,4.19,0.451751,0.819093,0.273333,2.293333,0.444444,0,0.098231,0.31173,228.609326,0.061767
"198",13," zc12_169a ",14,0,9.583333,4.133333,0.46291,1.023101,0.272333,4.053333,0.133889,0,0.099844,0.267829,281.805256,0.015909
"200",13," zc12_169a ",16,0,6.34,4.42,0.619794,0.799135,0.2345,6.257245,0.144528,0,0.12551,0.351919,235.405306,0.072328
"201",14," zc10_272a ",1,0,2.96,11.696667,2.091976,0.424873,0.404944,1.626667,1.044111,0,0.14079,0.694485,331.411818,0.05778
"202",14," zc10_272a ",2,0,3.276667,9.76,1.356939,0.424161,0.370944,2.07,0.646056,0,0.170434,0.762391,276.122718,0.05328
"203",14," zc10_272a ",3,0,6.38,17.243333,0.935704,0.305745,0.486278,3.553333,0.125278,0,0.199553,0.780988,351.49838,0.057954
"205",14," zc10_272a ",5,0,7.013333,6.5,0.924407,0.93635,0.362,1.993333,1.195389,0,0.19628,0.888356,405.726723,0.021979
"206",14," zc10_272a ",6,0,5.89,8.706667,1.031398,0.628125,0.379556,1.956667,0.782611,0,0.240581,1.034549,364.497382,0.003072
"207",14," zc10_272a ",7,0,4.706667,8.38,0.948207,0.498736,0.349611,1.423333,0.400389,0,0.232996,0.947368,278.676871,0.032333
"208",14," zc10_272a ",8,0,3.55,5.153333,1.218239,0.750915,0.266778,2.556667,0.109889,0,0.196555,0.845118,257.959526,0.048924
"210",14," zc10_272a ",10,0,2.096667,15.01,2.018939,0.198955,0.402944,1.816667,6.299583,0,0.155213,0.618751,199.052377,0.060539
"211",14," zc10_272a ",11,0,2.966667,6.406667,1.065588,0.390984,0.269111,1.976667,6.000194,0,0.194861,0.80029,166.924522,0.033461
"212",14," zc10_272a ",12,0,6.803333,8.723333,0.563403,0.415973,0.355667,1.986667,5.611583,0,0.126467,0.621621,241.78128,0.027891
"213",14," zc10_272a ",13,0,7.083333,8.533333,0.594565,0.456061,0.3745,2.143333,5.203972,0,0.111197,0.523442,259.374041,0.024356
"214",14," zc10_272a ",14,0,7.763333,10.083333,0.588049,0.418291,0.384667,1.786667,4.783583,0,0.117127,0.558006,281.23685,0.030448
"215",14," zc10_272a ",15,0,8.966667,10.856667,0.530815,0.411518,0.455,1.663333,4.298806,0,0.111112,0.520893,297.860273,0.033432
"216",14," zc10_272a ",16,0,6.693333,13.216667,0.675945,0.315443,0.442389,1.373333,3.828694,0,0.075067,0.489437,277.89869,0.039686
"217",14," zc10_272a ",17,0,9.15,10.813333,0.498015,0.401596,0.4075,1.433333,3.398306,0,0.099623,0.481801,289.370138,0.046359
"218",14," zc10_272a ",18,0,8.8,9.483333,0.48534,0.419096,0.408222,1.663333,2.966194,0,0.119778,0.480268,264.898848,0.031638
"219",14," zc10_272a ",19,0,9.96,11.59,0.479679,0.38754,0.470278,1.596667,2.468194,0,0.130025,0.539894,299.322869,0.01685
"220",14," zc10_272a ",20,0,8.133333,11.52,0.578203,0.379543,0.482778,1.633333,1.958806,0,0.120577,0.514968,291.325197,0.015343
"221",14," zc10_272a ",21,0,10.69,10.95,0.425792,0.403169,0.476667,1.54,1.454917,0,0.121234,0.529742,294.228299,0.020542
"222",14," zc10_272a ",22,0,11.683333,11.933333,0.417744,0.392559,0.501556,1.576667,0.927694,0,0.126194,0.553091,312.162128,0.015415
"223",14," zc10_272a ",23,0,13.793333,14.033333,0.466637,0.449719,0.605333,12.353333,0.296083,0,0.158831,0.614394,420.888928,0.006981
"225",14," zc10_272a ",25,0,4.16,9.253333,1.207324,0.515634,0.305111,1.566667,1.42661,0,0.181257,0.698194,318.021896,0.078401
"227",14," zc10_272a ",27,0,10.583333,9.563333,0.614533,0.648082,0.436056,1.606667,1.42661,0,0.138901,0.557448,413.085009,0.016299
"228",14," zc10_272a ",28,0,11.243333,12.47,0.644066,0.566719,0.538,1.496667,1.42661,0,0.168058,0.611566,471.153956,0.029044
"229",14," zc10_272a ",29,0,7.473333,9.243333,0.564489,0.437669,0.372889,1.26,1.42661,0,0.135969,0.569525,269.584611,0.031083
"230",14," zc10_272a ",30,0,3.74,2.446667,0.488251,0.627723,0.172889,2.286667,1.42661,0,0.144712,0.6189,102.127923,0.075718
"232",14," zc10_272a ",32,0,5.033333,9.603333,1.046905,0.475725,0.352611,1.896667,1.42661,0,0.218694,0.889896,304.585028,0.024209
"233",14," zc10_272a ",33,0,6.506667,10.566667,0.761018,0.438828,0.397222,6.257245,1.42661,0,0.198764,0.810955,309.329601,0.033964
"234",15," zc11_267a ",1,2,7.383333,4.953333,0.757934,1.067468,0.373778,1.766667,1.446861,0,0.142258,0.64807,354.261357,0.057153
"235",15," zc11_267a ",2,2,9.37,7.63,0.72305,0.811962,0.398833,1.366667,1.018583,0,0.147221,0.675023,414.597708,0.059963
"236",15," zc11_267a ",3,2,10.51,7.983333,0.577116,0.716354,0.406833,1.92,0.588972,0,0.122478,0.626296,382.634018,0.08331
"237",15," zc11_267a ",4,2,9.22,7.393333,0.649328,0.764129,0.429833,3.016667,0.127139,0,0.15169,0.720219,377.822378,0.120856
"239",15," zc11_267a ",6,0,6.446667,13.086667,0.940379,0.405937,0.439056,1.97,3.685667,0,0.124052,0.657137,356.23718,0.090947
"240",15," zc11_267a ",7,0,9.193333,9.566667,0.690838,0.616416,0.445222,1.323333,3.207611,0,0.116269,0.572142,395.32928,0.083898
"241",15," zc11_267a ",8,0,8.71,12.706667,0.715664,0.461206,0.495667,1.493333,2.689889,0,0.118518,0.595682,390.788681,0.060504
"242",15," zc11_267a ",9,0,9.03,15.123333,0.781196,0.433978,0.512833,1.036667,2.152167,0,0.150769,0.705876,437.57515,0.071171
"243",15," zc11_267a ",10,0,9.51,14.743333,0.617861,0.369267,0.530167,0.56,1.604722,0,0.136632,0.686029,365.147595,0.055533
"244",15," zc11_267a ",11,0,5.213333,10.316667,1.128431,0.506602,0.409944,1.636667,1.185444,0,0.169652,0.673992,348.335876,0.023306
"245",15," zc11_267a ",12,0,6.763333,9.293333,0.75704,0.502703,0.404278,1.606667,0.753889,0,0.169551,0.686478,311.472974,0.050522
"247",15," zc11_267a ",14,0,3.58,9.813333,1.123848,0.374238,0.283611,1.523333,7.430361,0,0.254001,0.941932,245.970328,0.068042
"248",15," zc11_267a ",15,0,3.776667,3.903333,1.267055,1.04191,0.211222,4.38,7.19375,0,0.278052,1.067557,273.465445,0.019979
"249",15," zc11_267a ",16,0,6.806667,12.346667,1.058566,0.537016,0.422944,1.326667,6.697806,0,0.19134,0.748763,444.264994,0.022498
"250",15," zc11_267a ",17,0,1.66,6.696667,1.76814,0.418728,0.175611,1.783333,6.500083,0,0.154514,0.614857,186.747571,0.073332
"251",15," zc11_267a ",18,0,2.77,6.78,0.80753,0.313275,0.236833,1.693333,6.233528,0,0.086592,0.511839,141.475016,0.077777
"252",15," zc11_267a ",19,0,7.203333,8.39,0.621836,0.497254,0.341556,1.946667,5.86375,0,0.068768,0.464927,278.084066,0.048797
"253",15," zc11_267a ",20,0,12.946667,8.483333,0.471828,0.68832,0.4465,1.816667,5.384806,0,0.09018,0.446841,391.090455,0.065979
"254",15," zc11_267a ",21,0,9.666667,7.55,0.381299,0.463826,0.360222,1.9,4.994306,0,0.091349,0.451672,235.66974,0.035354
"255",15," zc11_267a ",22,0,11.833333,8.746667,0.375636,0.488286,0.461333,1.91,4.501306,0,0.095349,0.490575,286.717989,0.059132
"256",15," zc11_267a ",23,0,9.656667,8.196667,0.450963,0.495082,0.3945,1.88,4.074972,0,0.067755,0.456031,272.501893,0.05149
"257",15," zc11_267a ",24,0,6.65,12.49,0.841151,0.417737,0.386389,14.05,3.65725,0,0.177238,0.692035,350.050136,0.025641
"258",15," zc11_267a ",25,0,6.91,11.206667,0.567359,0.323902,0.394056,24.893333,3.029028,0,0.183119,0.666805,243.30523,0.012757
"259",15," zc11_267a ",26,0,2.38,2.09,0.845265,0.728229,0.109,38.543333,2.505139,0,0.259526,0.875011,102.225012,0.013709
"260",15," zc11_267a ",27,2,3.28,4.803333,1.004733,0.542371,0.197556,18.52,1.665194,0,0.223588,0.875768,175.931627,0.05167
"261",15," zc11_267a ",28,0,10.956667,8.35,0.452406,0.558349,0.454389,1.736667,0.902139,0,0.093646,0.424163,313.112717,0.019992
"262",15," zc11_267a ",29,0,12.676667,13.323333,0.591921,0.541278,0.584056,11.786667,0.289139,0,0.115015,0.487715,482.932608,0.01819
"264",15," zc11_267a ",31,0,6.273333,5.45,0.841797,0.868061,0.345556,2.36,0.8485,0,0.21727,0.767741,317.434064,0.020555
"265",15," zc11_267a ",32,0,9.19,7.426667,0.641575,0.735317,0.408444,2.313333,0.400722,0,0.118206,0.491854,363.179513,0.014724
"266",15," zc11_267a ",33,0,6.67,3.696667,0.525169,0.862271,0.229444,2.743333,0.132722,0,0.084677,0.363083,211.752162,0.073274
"268",15," zc11_267a ",35,0,8.616667,6.91,0.564706,0.653774,0.3425,1.896667,1.051917,0,0.124084,0.499848,303.050911,0.019074
"269",15," zc11_267a ",36,0,9.39,4.996667,0.522635,0.910781,0.329889,1.846667,0.690417,0,0.085539,0.3891,304.09287,0.013812
"270",15," zc11_267a ",37,0,11.593333,4.113333,0.38169,1.023075,0.339389,1.466667,0.32025,0,0.070184,0.320155,280.02933,0.030661
"271",15," zc11_267a ",38,0,3.933333,1.593333,0.626172,1.424203,0.150833,2.786667,0.144972,0,0.101224,0.631377,150.954047,0.165414
